{"steps": [0, 100, 200, 300, 400, 500, 600, 700, 800, 900, 1000, 1100, 1200, 1300, 1400, 1500, 1600, 1700, 1800, 1900, 2000, 2100, 2200, 2300, 2400, 2500, 2600, 2700, 2800, 2900, 3000, 3100, 3200, 3300, 3400, 3500, 3600, 3700, 3800, 3900, 4000, 4100, 4200, 4300, 4400, 4500, 4600, 4700, 4800, 4900, 5000, 5100, 5200, 5300, 5400, 5500, 5600, 5700, 5800, 5900, 6000, 6100, 6200, 6300, 6400, 6500, 6600, 6700, 6800, 6900, 7000, 7100, 7200, 7300, 7400, 7500, 7600, 7700, 7800, 7900, 8000, 8100, 8200, 8300, 8400, 8500, 8600, 8700, 8800, 8900, 9000, 9100, 9200, 9300, 9400, 9500, 9600, 9700, 9800, 9900, 10000, 10100, 10200, 10300, 10400, 10500, 10600, 10700, 10800, 10900, 11000, 11100, 11200, 11300, 11400, 11500, 11600, 11700, 11800, 11900, 12000, 12100, 12200, 12300, 12400, 12500, 12600, 12700, 12800, 12900, 13000, 13100, 13200, 13300, 13400, 13500, 13600, 13700, 13800, 13900, 14000, 14100, 14200, 14300, 14400, 14500, 14600, 14700, 14800, 14900, 15000, 15100, 15200, 15300, 15400, 15500, 15600, 15700, 15800, 15900, 16000, 16100, 16200, 16300, 16400, 16500, 16600, 16700, 16800, 16900, 17000, 17100, 17200, 17300, 17400, 17500, 17600, 17700, 17800, 17900, 18000, 18100, 18200, 18300, 18400, 18500, 18600, 18700, 18800, 18900, 19000, 19100, 19200, 19300, 19400, 19500, 19600, 19700, 19800, 19900, 20000, 20100, 20200, 20300, 20400, 20500, 20600, 20700, 20800, 20900, 21000, 21100, 21200, 21300, 21400, 21500, 21600, 21700, 21800, 21900, 22000, 22100, 22200, 22300, 22400, 22500, 22600, 22700, 22800, 22900, 23000, 23100, 23200, 23300, 23400, 23500, 23600, 23700, 23800, 23900, 24000, 24100, 24200, 24300, 24400, 24500, 24600, 24700, 24800, 24900], "train_loss": [5.415425777435303, 4.579435348510742, 4.214954376220703, 3.7355756759643555, 2.8331007957458496, 2.1466798782348633, 0.9683607220649719, 0.574246346950531, 0.3236549496650696, 0.1317756474018097, 0.09602338075637817, 0.09737037867307663, 0.039630234241485596, 0.09150651097297668, 0.06366212666034698, 0.06393759697675705, 0.04043107107281685, 0.014909690245985985, 0.021727493032813072, 0.05739990621805191, 0.0039316583424806595, 0.0383719839155674, 0.05451725423336029, 0.0349230095744133, 0.018930839374661446, 0.011367709375917912, 0.04836089909076691, 0.0404728427529335, 0.034580253064632416, 0.02553255669772625, 0.011020874604582787, 0.031485822051763535, 0.015393109060823917, 0.030845986679196358, 0.03458322212100029, 0.08650261163711548, 0.01225967239588499, 0.03517071157693863, 0.054651737213134766, 0.01669536717236042, 0.011450465768575668, 0.0006925873458385468, 0.012660052627325058, 0.01765625737607479, 0.014816311188042164, 0.015031789429485798, 0.036050546914339066, 0.001655352651141584, 0.0025490080006420612, 0.02824745886027813, 0.0007601066608913243, 0.05460638180375099, 0.000524280418176204, 0.03669540211558342, 0.0016412718687206507, 0.0011648554354906082, 0.04484161362051964, 0.05734970420598984, 0.01396854966878891, 0.0015925257466733456, 0.024090128019452095, 0.02630910649895668, 0.0012616002932190895, 0.023088764399290085, 0.005833756644278765, 0.025188066065311432, 0.042775049805641174, 0.02462608367204666, 0.00638413755223155, 0.0027063298039138317, 0.0015588155947625637, 0.001502832630649209, 0.03329862281680107, 0.00015412759967148304, 0.018650803714990616, 0.0055037918500602245, 0.05812260881066322, 0.012135964818298817, 0.05886053666472435, 0.004115422256290913, 0.00024015334201976657, 0.00030233425786718726, 0.0025816261768341064, 0.0012877436820417643, 0.026756063103675842, 0.0007158213993534446, 0.00907251425087452, 0.06437871605157852, 0.010720943100750446, 0.0010375569108873606, 0.03391065075993538, 0.050850361585617065, 0.0007315658731386065, 0.022735556587576866, 0.006996425334364176, 3.967388329328969e-05, 0.06493101269006729, 0.014876301400363445, 0.0004085638211108744, 0.0012488969368860126, 0.01906806416809559, 0.001443749526515603, 0.024404184892773628, 0.0346224419772625, 0.06017985939979553, 0.05264236405491829, 0.03663080930709839, 0.0007808979135006666, 0.0009659623610787094, 0.0005280072218738496, 0.00226086494512856, 0.0375385619699955, 0.001719213556498289, 0.00013657486124429852, 0.022214731201529503, 0.021587345749139786, 0.00016225890431087464, 0.0185458492487669, 3.331975676701404e-06, 0.0004125230188947171, 0.006200176663696766, 0.05143116042017937, 0.0007145002018660307, 8.765685925027356e-05, 0.0037974314764142036, 0.012644418515264988, 0.005717923399060965, 0.00010274091619066894, 0.10011016577482224, 0.024985909461975098, 0.015233095735311508, 0.001180834136903286, 0.0378011018037796, 0.002701768185943365, 7.346942584263161e-05, 0.03625129908323288, 0.016470320522785187, 0.0001064463795046322, 0.034733351320028305, 3.72622957911517e-06, 0.0071212248876690865, 4.4719850848196074e-05, 0.015031629242002964, 0.0038151065818965435, 0.0004127633001189679, 0.03016733191907406, 0.08779910206794739, 0.011924252845346928, 0.0002471361658535898, 0.07119075953960419, 3.452219971222803e-05, 0.035356178879737854, 0.016750207170844078, 0.003319028066471219, 0.0070335292257368565, 0.010642878711223602, 4.6870685764588416e-05, 0.00010476508032297716, 0.0008931063930504024, 0.016272731125354767, 0.012869111262261868, 2.9702256142627448e-05, 0.02587602660059929, 0.0007836988079361618, 2.3049882713621628e-07, 8.163452002918348e-05, 0.013062887825071812, 0.005785222165286541, 0.0002846746356226504, 0.008052787743508816, 0.010768289677798748, 0.0002857541257981211, 0.00012696078920271248, 0.0047983331605792046, 1.4648668411609833e-06, 0.033664945513010025, 4.563474220731223e-08, 0.00021152100816834718, 0.00988083891570568, 0.0005444021662697196, 0.0020029821898788214, 0.02437581680715084, 0.00018229000852443278, 0.00036054273368790746, 0.00012655214231926948, 0.020150750875473022, 0.005195171106606722, 0.025881869718432426, 0.02051478810608387, 2.14908504858613e-06, 0.010149526409804821, 0.071343332529068, 0.0013034808216616511, 2.2997273845248856e-06, 0.09240357577800751, 3.0037704163987655e-06, 0.0008342238725163043, 0.00033315917244181037, 0.039667900651693344, 0.004620006307959557, 0.060019269585609436, 0.10828351974487305, 0.06090407818555832, 0.0011385194957256317, 0.0851290374994278, 0.013476156629621983, 6.186282007547561e-06, 0.02643248811364174, 8.529319893568754e-05, 0.014940131455659866, 0.014372194185853004, 0.018249351531267166, 1.223296294483589e-05, 0.00747790327295661, 0.06745665520429611, 0.027810033410787582, 1.0848158126464114e-05, 2.7481288270791993e-05, 0.062208615243434906, 8.291975973406807e-06, 0.03473870828747749, 7.450577932388569e-09, 0.14669911563396454, 0.0001569876039866358, 2.101381596730789e-06, 2.512171704438515e-05, 6.415919779101387e-05, 0.0006329506286419928, 0.03195014223456383, 0.011116717010736465, 3.909399310941808e-05, 0.000203347546630539, 1.9082928702118807e-05, 2.6572208298603073e-05, 1.6344462494544132e-07, 4.9797832616604865e-05, 2.737699651333969e-05, 9.975952707463875e-06, 7.826355431461707e-05, 0.006451440509408712, 0.07732025533914566, 0.0388021320104599, 1.2493705071392469e-05, 0.11573964357376099, 1.412194365002506e-06, 2.3014765247353353e-05, 0.007836651988327503, 0.00014485709834843874, 3.077242217841558e-05, 0.07195758074522018],