{"steps": [0, 100, 200, 300, 400, 500, 600, 700, 800, 900, 1000, 1100, 1200, 1300, 1400, 1500, 1600, 1700, 1800, 1900, 2000, 2100, 2200, 2300, 2400, 2500, 2600, 2700, 2800, 2900, 3000, 3100, 3200, 3300, 3400, 3500, 3600, 3700, 3800, 3900, 4000, 4100, 4200, 4300, 4400, 4500, 4600, 4700, 4800, 4900, 5000, 5100, 5200, 5300, 5400, 5500, 5600, 5700, 5800, 5900, 6000, 6100, 6200, 6300, 6400, 6500, 6600, 6700, 6800, 6900, 7000, 7100, 7200, 7300, 7400, 7500, 7600, 7700, 7800, 7900, 8000, 8100, 8200, 8300, 8400, 8500, 8600, 8700, 8800, 8900, 9000, 9100, 9200, 9300, 9400, 9500, 9600, 9700, 9800, 9900, 10000, 10100, 10200, 10300, 10400, 10500, 10600, 10700, 10800, 10900, 11000, 11100, 11200, 11300, 11400, 11500, 11600, 11700, 11800, 11900, 12000, 12100, 12200, 12300, 12400, 12500, 12600, 12700, 12800, 12900, 13000, 13100, 13200, 13300, 13400, 13500, 13600, 13700, 13800, 13900, 14000, 14100, 14200, 14300, 14400, 14500, 14600, 14700, 14800, 14900, 15000, 15100, 15200, 15300, 15400, 15500, 15600, 15700, 15800, 15900, 16000, 16100, 16200, 16300, 16400, 16500, 16600, 16700, 16800, 16900, 17000, 17100, 17200, 17300, 17400, 17500, 17600, 17700, 17800, 17900, 18000, 18100, 18200, 18300, 18400, 18500, 18600, 18700, 18800, 18900, 19000, 19100, 19200, 19300, 19400, 19500, 19600, 19700, 19800, 19900, 20000, 20100, 20200, 20300, 20400, 20500, 20600, 20700, 20800, 20900, 21000, 21100, 21200, 21300, 21400, 21500, 21600, 21700, 21800, 21900, 22000, 22100, 22200, 22300, 22400, 22500, 22600, 22700, 22800, 22900, 23000, 23100, 23200, 23300, 23400, 23500, 23600, 23700, 23800, 23900, 24000, 24100, 24200, 24300, 24400, 24500, 24600, 24700, 24800, 24900], "train_loss": [5.535249710083008, 4.5359272956848145, 4.184298992156982, 3.9326210021972656, 1.9363360404968262, 0.384059339761734, 0.10779722034931183, 0.09168124198913574, 0.05557581037282944, 0.05213368311524391, 0.0411619171500206, 0.04515964910387993, 0.03539661690592766, 0.031539980322122574, 0.03528062254190445, 0.027967456728219986, 0.0724702998995781, 0.04647282138466835, 0.030960258096456528, 0.04670824483036995, 0.09156512469053268, 0.03865498676896095, 0.04830315709114075, 0.040785931050777435, 0.020422281697392464, 0.021524867042899132, 0.05992399901151657, 0.04863595962524414, 0.03307664766907692, 0.023469045758247375, 0.045088138431310654, 0.031109388917684555, 0.04282030835747719, 0.04323701933026314, 0.038963571190834045, 0.039020005613565445, 0.07508877664804459, 0.03823943808674812, 0.06528950482606888, 0.02778242900967598, 0.04070315510034561, 0.041859906166791916, 0.053545013070106506, 0.03585217148065567, 0.05572839081287384, 0.038394395262002945, 0.024840453639626503, 0.04858947545289993, 0.09126736968755722, 0.05492731183767319, 0.05418582633137703, 0.041015297174453735, 0.054020289331674576, 0.01826268434524536, 0.025464968755841255, 0.08028101176023483, 0.016273226588964462, 0.025571882724761963, 0.018691882491111755, 0.0947798565030098, 0.0372016541659832, 0.07320830971002579, 0.02933567203581333, 0.026389265432953835, 0.04873087629675865, 0.029589073732495308, 0.08380233496427536, 0.016092700883746147, 0.0517130084335804, 0.03930067643523216, 0.017899803817272186, 0.05856500566005707, 0.07746846973896027, 0.038786593824625015, 0.04784363880753517, 0.03494289517402649, 0.04323204606771469, 0.033730994910001755, 0.08390753716230392, 0.009352745488286018, 0.03238815441727638, 0.04717540368437767, 0.05674930661916733, 0.019623102620244026, 0.025801924988627434, 0.08610484004020691, 0.031441476196050644, 0.01861603558063507, 0.03774234652519226, 0.06171972304582596, 0.03174639493227005, 0.054903414100408554, 0.024078164249658585, 0.0447947196662426, 0.04868384823203087, 0.06477481126785278, 0.028071777895092964, 0.04670818895101547, 0.026056500151753426, 0.010484284721314907, 0.057297635823488235, 0.01889323815703392, 0.0266885943710804, 0.05815774202346802, 0.010873290710151196, 0.04102972149848938, 0.017052678391337395, 0.07797767966985703, 0.05784469470381737, 0.05999230593442917, 0.0251854807138443, 0.028025686740875244, 0.017155958339571953, 0.030282504856586456, 0.029099052771925926, 0.01567077450454235, 0.03279443457722664, 0.029947591945528984, 0.023105859756469727, 0.06468559801578522, 0.015161420218646526, 0.01892123743891716, 0.022785814478993416, 0.02500888705253601, 0.04441182687878609, 0.028560061007738113, 0.028789833188056946, 0.0933036282658577, 0.007551669608801603, 0.009221806190907955, 0.06493411958217621, 0.023348024114966393, 0.03517215698957443, 0.02706403099000454, 0.035998985171318054, 0.051142577081918716, 0.04625199735164642, 0.007605717051774263, 0.023361846804618835, 0.02210235223174095, 0.017437798902392387, 0.008554220199584961, 0.021970272064208984, 0.05068635940551758, 0.026520317420363426, 0.020626718178391457, 0.016498656943440437, 0.04100508615374565, 0.03323177620768547, 0.0458967350423336, 0.011253118515014648, 0.018125325441360474, 0.027879348024725914, 0.04267793521285057, 0.03413822129368782, 0.03159727156162262, 0.055074334144592285, 0.020701302215456963, 0.008503859862685204, 0.046352989971637726, 0.054374709725379944, 0.02782589942216873, 0.04205590859055519, 0.02298576571047306, 0.015124132856726646, 0.0914551392197609, 0.015781085938215256, 0.009442302398383617, 0.02786215953528881, 0.01892928220331669, 0.02110135927796364, 0.018925022333860397, 0.022340519353747368, 0.06690320372581482, 0.027793720364570618, 0.0804130807518959, 0.013787609525024891, 0.02584119141101837, 0.06395672261714935, 0.021558474749326706, 0.04255061596632004, 0.018638983368873596, 0.07877492159605026, 0.029160883277654648, 0.014804028905928135, 0.009715559892356396, 0.02523619867861271, 0.027809299528598785, 0.02152562141418457, 0.060695890337228775, 0.05675307661294937, 0.00940935593098402, 0.03623020648956299, 0.02619314193725586, 0.032262109220027924, 0.049151793122291565, 0.025378575548529625, 0.04905141890048981, 0.03625176101922989, 0.022897126153111458, 0.016557639464735985, 0.022112470120191574, 0.02646559476852417, 0.017667002975940704, 0.009564154781401157, 0.06742081791162491, 0.01097468938678503, 0.010445238091051579, 0.031624823808670044, 0.025590449571609497, 0.014112118631601334, 0.03009747341275215, 0.04320893436670303, 0.02213289774954319, 0.012834294699132442, 0.007068543694913387, 0.06592856347560883, 0.035286273807287216, 0.0484391525387764, 0.03891076520085335, 0.03410999849438667, 0.03357909619808197, 0.015548761002719402, 0.03002753295004368, 0.030385632067918777, 0.010121626779437065, 0.018708836287260056, 0.043724820017814636, 0.04541625827550888, 0.061175934970378876, 0.024571159854531288, 0.02086160145699978, 0.03671867400407791, 0.011486631818115711, 0.025051366537809372, 0.017705611884593964, 0.01996065303683281, 0.014708065427839756, 0.03131294623017311, 0.02061951346695423, 0.01102012675255537, 0.02899421565234661, 0.02621603012084961, 0.03192709758877754, 0.021209614351391792, 0.04458247497677803, 0.016872363165020943, 0.036436066031455994, 0.013106917962431908, 0.011125585995614529],