{"steps": [0, 100, 200, 300, 400, 500, 600, 700, 800, 900, 1000, 1100, 1200, 1300, 1400, 1500, 1600, 1700, 1800, 1900, 2000, 2100, 2200, 2300, 2400, 2500, 2600, 2700, 2800, 2900, 3000, 3100, 3200, 3300, 3400, 3500, 3600, 3700, 3800, 3900, 4000, 4100, 4200, 4300, 4400, 4500, 4600, 4700, 4800, 4900, 5000, 5100, 5200, 5300, 5400, 5500, 5600, 5700, 5800, 5900, 6000, 6100, 6200, 6300, 6400, 6500, 6600, 6700, 6800, 6900, 7000, 7100, 7200, 7300, 7400, 7500, 7600, 7700, 7800, 7900, 8000, 8100, 8200, 8300, 8400, 8500, 8600, 8700, 8800, 8900, 9000, 9100, 9200, 9300, 9400, 9500, 9600, 9700, 9800, 9900, 10000, 10100, 10200, 10300, 10400, 10500, 10600, 10700, 10800, 10900, 11000, 11100, 11200, 11300, 11400, 11500, 11600, 11700, 11800, 11900, 12000, 12100, 12200, 12300, 12400, 12500, 12600, 12700, 12800, 12900, 13000, 13100, 13200, 13300, 13400, 13500, 13600, 13700, 13800, 13900, 14000, 14100, 14200, 14300, 14400, 14500, 14600, 14700, 14800, 14900, 15000, 15100, 15200, 15300, 15400, 15500, 15600, 15700, 15800, 15900, 16000, 16100, 16200, 16300, 16400, 16500, 16600, 16700, 16800, 16900, 17000, 17100, 17200, 17300, 17400, 17500, 17600, 17700, 17800, 17900, 18000, 18100, 18200, 18300, 18400, 18500, 18600, 18700, 18800, 18900, 19000, 19100, 19200, 19300, 19400, 19500, 19600, 19700, 19800, 19900, 20000, 20100, 20200, 20300, 20400, 20500, 20600, 20700, 20800, 20900, 21000, 21100, 21200, 21300, 21400, 21500, 21600, 21700, 21800, 21900, 22000, 22100, 22200, 22300, 22400, 22500, 22600, 22700, 22800, 22900, 23000, 23100, 23200, 23300, 23400, 23500, 23600, 23700, 23800, 23900, 24000, 24100, 24200, 24300, 24400, 24500, 24600, 24700, 24800, 24900], "train_loss": [5.315495491027832, 3.7887048721313477, 2.8594465255737305, 1.96763277053833, 1.3691703081130981, 0.8723235726356506, 0.6831897497177124, 0.6665264964103699, 0.4812667965888977, 0.33277636766433716, 0.3846052289009094, 0.3257599174976349, 0.20442698895931244, 0.2269003987312317, 0.1805204600095749, 0.14595061540603638, 0.13464105129241943, 0.18440072238445282, 0.08199751377105713, 0.06660350412130356, 0.06383822113275528, 0.0986424908041954, 0.05309586971998215, 0.08139382302761078, 0.07005373388528824, 0.07706225663423538, 0.0807834342122078, 0.0772474855184555, 0.07191934436559677, 0.03489811345934868, 0.0669439435005188, 0.06347426772117615, 0.03800920397043228, 0.067497618496418, 0.0506230853497982, 0.0833093672990799, 0.03369823470711708, 0.06792475283145905, 0.031078390777111053, 0.0566490963101387, 0.03454921022057533, 0.03657009080052376, 0.06674398481845856, 0.037536658346652985, 0.040598366409540176, 0.07335439324378967, 0.05522860586643219, 0.015816953033208847, 0.0670245960354805, 0.03242597356438637, 0.07897447794675827, 0.07260669767856598, 0.027400685474276543, 0.04569787159562111, 0.03764476999640465, 0.07619655132293701, 0.04753449931740761, 0.01771344058215618, 0.06660116463899612, 0.030990252271294594, 0.08161377906799316, 0.03791242837905884, 0.042052287608385086, 0.07584512233734131, 0.05787498503923416, 0.06084703654050827, 0.04917347431182861, 0.025924142450094223, 0.022710733115673065, 0.03480105847120285, 0.021531865000724792, 0.12239424139261246, 0.011346808634698391, 0.049836281687021255, 0.03285060450434685, 0.03428485989570618, 0.03034450300037861, 0.027691062539815903, 0.0367128849029541, 0.06908111274242401, 0.01501491293311119, 0.022025899961590767, 0.017284687608480453, 0.06210147216916084, 0.07886514812707901, 0.014738235622644424, 0.08753420412540436, 0.028202403336763382, 0.03685704246163368, 0.043094031512737274, 0.011218949221074581, 0.04660790413618088, 0.04239285737276077, 0.02450498938560486, 0.02209632098674774, 0.010440309531986713, 0.031291503459215164, 0.027445893734693527, 0.0382373109459877, 0.02762378565967083, 0.018849710002541542, 0.05992881581187248, 0.07659459859132767, 0.018349910154938698, 0.024749519303441048, 0.0602797269821167, 0.02883180044591427, 0.04851847141981125, 0.03317674994468689, 0.027528222650289536, 0.01845875382423401, 0.03937555477023125, 0.024681180715560913, 0.040583424270153046, 0.028833432123064995, 0.04716295748949051, 0.021625369787216187, 0.022600315511226654, 0.0439487025141716, 0.034755077213048935, 0.040528520941734314, 0.029889866709709167, 0.036062341183423996, 0.036469534039497375, 0.023894859477877617, 0.014760985970497131, 0.04496942088007927, 0.02201979048550129, 0.04235023632645607, 0.029969118535518646, 0.01790732704102993, 0.0249008871614933, 0.019102854654192924, 0.01948336698114872, 0.03181745484471321, 0.048529252409935, 0.025625944137573242, 0.024732880294322968, 0.023480752483010292, 0.04045027866959572, 0.06890005618333817, 0.012437108904123306, 0.03180955350399017, 0.013896984979510307, 0.037355609238147736, 0.034462109208106995, 0.03053768165409565, 0.024393631145358086, 0.013747717253863811, 0.024123134091496468, 0.027854157611727715, 0.04021312668919563, 0.04511945694684982, 0.032863687723875046, 0.03781633451581001, 0.02692236192524433, 0.03275329992175102, 0.019149571657180786, 0.017524054273962975, 0.030028969049453735, 0.041343092918395996, 0.02405322901904583, 0.014081806875765324, 0.04530010744929314, 0.020014548674225807, 0.018630702048540115, 0.027805274352431297, 0.057842690497636795, 0.04915231838822365, 0.041735097765922546, 0.039186399430036545, 0.019382912665605545, 0.0473879911005497, 0.032872747629880905, 0.060425739735364914, 0.03254452720284462, 0.033694855868816376, 0.0402466244995594, 0.026056772097945213, 0.027144702151417732, 0.044322866946458817, 0.02090630866587162, 0.014459129422903061, 0.02087767794728279, 0.05386200174689293, 0.02698907069861889, 0.030406935140490532, 0.03156408667564392, 0.038718417286872864, 0.0967487320303917, 0.01711304858326912, 0.018947778269648552, 0.02055877447128296, 0.03882882371544838, 0.03909303992986679, 0.015215564519166946, 0.03605557233095169, 0.030371233820915222, 0.030671726912260056, 0.028280530124902725, 0.027747470885515213, 0.03356790542602539, 0.030698688700795174, 0.06454423069953918, 0.02287093549966812, 0.05672498419880867, 0.014885458163917065, 0.03151877596974373, 0.034379519522190094, 0.07158097624778748, 0.052756935358047485, 0.03697796165943146, 0.04089314490556717, 0.03028394654393196, 0.02577790431678295, 0.06737954169511795, 0.04806426540017128, 0.04035838320851326, 0.0322706401348114, 0.04516809433698654, 0.05094962194561958, 0.01421820092946291, 0.04135755077004433, 0.015570037066936493, 0.02695564739406109, 0.058249615132808685, 0.0541251003742218, 0.0319114550948143, 0.050778474658727646, 0.03818411007523537, 0.028586868196725845, 0.050629496574401855, 0.08238226920366287, 0.04555688425898552, 0.025632712990045547, 0.03516251593828201, 0.016849569976329803, 0.03119976632297039, 0.0906791165471077, 0.0353718139231205, 0.03966594859957695, 0.01695580594241619, 0.03434521704912186, 0.02847922220826149, 0.06538886576890945, 0.01604563742876053, 0.04292156174778938, 0.01591631770133972, 0.07792948186397552, 0.016961930319666862],