{"steps": [0, 100, 200, 300, 400, 500, 600, 700, 800, 900, 1000, 1100, 1200, 1300, 1400, 1500, 1600, 1700, 1800, 1900, 2000, 2100, 2200, 2300, 2400, 2500, 2600, 2700, 2800, 2900, 3000, 3100, 3200, 3300, 3400, 3500, 3600, 3700, 3800, 3900, 4000, 4100, 4200, 4300, 4400, 4500, 4600, 4700, 4800, 4900, 5000, 5100, 5200, 5300, 5400, 5500, 5600, 5700, 5800, 5900, 6000, 6100, 6200, 6300, 6400, 6500, 6600, 6700, 6800, 6900, 7000, 7100, 7200, 7300, 7400, 7500, 7600, 7700, 7800, 7900, 8000, 8100, 8200, 8300, 8400, 8500, 8600, 8700, 8800, 8900, 9000, 9100, 9200, 9300, 9400, 9500, 9600, 9700, 9800, 9900, 10000, 10100, 10200, 10300, 10400, 10500, 10600, 10700, 10800, 10900, 11000, 11100, 11200, 11300, 11400, 11500, 11600, 11700, 11800, 11900, 12000, 12100, 12200, 12300, 12400, 12500, 12600, 12700, 12800, 12900, 13000, 13100, 13200, 13300, 13400, 13500, 13600, 13700, 13800, 13900, 14000, 14100, 14200, 14300, 14400, 14500, 14600, 14700, 14800, 14900, 15000, 15100, 15200, 15300, 15400, 15500, 15600, 15700, 15800, 15900, 16000, 16100, 16200, 16300, 16400, 16500, 16600, 16700, 16800, 16900, 17000, 17100, 17200, 17300, 17400, 17500, 17600, 17700, 17800, 17900, 18000, 18100, 18200, 18300, 18400, 18500, 18600, 18700, 18800, 18900, 19000, 19100, 19200, 19300, 19400, 19500, 19600, 19700, 19800, 19900, 20000, 20100, 20200, 20300, 20400, 20500, 20600, 20700, 20800, 20900, 21000, 21100, 21200, 21300, 21400, 21500, 21600, 21700, 21800, 21900, 22000, 22100, 22200, 22300, 22400, 22500, 22600, 22700, 22800, 22900, 23000, 23100, 23200, 23300, 23400, 23500, 23600, 23700, 23800, 23900, 24000, 24100, 24200, 24300, 24400, 24500, 24600, 24700, 24800, 24900], "train_loss": [5.1630024909973145, 1.2537858486175537, 0.36574164032936096, 0.13643307983875275, 0.1339632272720337, 0.11182177066802979, 0.07714997977018356, 0.07866324484348297, 0.05107422545552254, 0.06425818800926208, 0.060906313359737396, 0.0823872908949852, 0.047660861164331436, 0.05274151638150215, 0.07294074445962906, 0.05017544701695442, 0.06818903237581253, 0.0961277037858963, 0.021736856549978256, 0.03868400678038597, 0.06483129411935806, 0.06634893268346786, 0.04398151487112045, 0.06041773036122322, 0.035219818353652954, 0.0335225835442543, 0.052748825401067734, 0.036250028759241104, 0.04026772081851959, 0.055474914610385895, 0.028526917099952698, 0.03183571621775627, 0.0252545103430748, 0.06395864486694336, 0.04934420436620712, 0.05062273517251015, 0.0774025022983551, 0.05338500440120697, 0.041319090873003006, 0.027005601674318314, 0.05234499275684357, 0.053175318986177444, 0.0650026947259903, 0.03365001082420349, 0.069332554936409, 0.05200003832578659, 0.02163659781217575, 0.030738305300474167, 0.0340975858271122, 0.055743999779224396, 0.024725452065467834, 0.03930840268731117, 0.02855159528553486, 0.028912434354424477, 0.03358519449830055, 0.025831514969468117, 0.040130432695150375, 0.045862920582294464, 0.030054854229092598, 0.040505003184080124, 0.046077776700258255, 0.03531317785382271, 0.028610026463866234, 0.035252343863248825, 0.05161357298493385, 0.026181474328041077, 0.023064861074090004, 0.05090269818902016, 0.0481647290289402, 0.02329135872423649, 0.02148584835231304, 0.05988285690546036, 0.04522786661982536, 0.053887367248535156, 0.02874165214598179, 0.020556673407554626, 0.01909593492746353, 0.023686472326517105, 0.02642805315554142, 0.03582805395126343, 0.05123142525553703, 0.023892156779766083, 0.017002908512949944, 0.05505494400858879, 0.056504301726818085, 0.027579279616475105, 0.02509952150285244, 0.02105514332652092, 0.032430876046419144, 0.03362058103084564, 0.03314255177974701, 0.033387038856744766, 0.028981370851397514, 0.02908465452492237, 0.05571207404136658, 0.057806823402643204, 0.02263387106359005, 0.02316860482096672, 0.02763475477695465, 0.04860778898000717, 0.046314455568790436, 0.05184735357761383, 0.03445872291922569, 0.02795327827334404, 0.039228517562150955, 0.01758265122771263, 0.017252424731850624, 0.02468431182205677, 0.022825222462415695, 0.04005248844623566, 0.023972053080797195, 0.025232547894120216, 0.06388498097658157, 0.05699625238776207, 0.014675619080662727, 0.04873339831829071, 0.03907206282019615, 0.02242499776184559, 0.010676869191229343, 0.045733172446489334, 0.03400377184152603, 0.044701315462589264, 0.013699916191399097, 0.020264895632863045, 0.01293940655887127, 0.054950106889009476, 0.04774393141269684, 0.0144695695489645, 0.04687574505805969, 0.0535438135266304, 0.035010408610105515, 0.031239192932844162, 0.03918592259287834, 0.023912621662020683, 0.018453463912010193, 0.03623436018824577, 0.039907053112983704, 0.055907346308231354, 0.028567103669047356, 0.030145253986120224, 0.026095209643244743, 0.04764557629823685, 0.018499253317713737, 0.018180903047323227, 0.0576702244579792, 0.013379530049860477, 0.09309639781713486, 0.031404122710227966, 0.03845752403140068, 0.03015703707933426, 0.02550462633371353, 0.02262507565319538, 0.05140412598848343, 0.03898845613002777, 0.03879557549953461, 0.053734250366687775, 0.04921834543347359, 0.022812137380242348, 0.018252428621053696, 0.013544166460633278, 0.039921797811985016, 0.030949756503105164, 0.023941675201058388, 0.05525093153119087, 0.04125720262527466, 0.04629918560385704, 0.012302768416702747, 0.03143446892499924, 0.026033343747258186, 0.04633147642016411, 0.03879563510417938, 0.056840427219867706, 0.02386864647269249, 0.027370428666472435, 0.019217995926737785, 0.03866874426603317, 0.04984403774142265, 0.03426653891801834, 0.03009008802473545, 0.026939107105135918, 0.01610349677503109, 0.019902769476175308, 0.03350305184721947, 0.02625570259988308, 0.016786865890026093, 0.03151455521583557, 0.021375291049480438, 0.030526546761393547, 0.04420335963368416, 0.026961881667375565, 0.013760856352746487, 0.03638087585568428, 0.02261492609977722, 0.03179626911878586, 0.038965363055467606, 0.058635856956243515, 0.021858982741832733, 0.04204883798956871, 0.03146101161837578, 0.03305761516094208, 0.023068338632583618, 0.012104783207178116, 0.042586732655763626, 0.03943907469511032, 0.015306768007576466, 0.012449001893401146, 0.0712411031126976, 0.05086648091673851, 0.017768165096640587, 0.026515528559684753, 0.028417643159627914, 0.04172012209892273, 0.07281786948442459, 0.028081271797418594, 0.05307096987962723, 0.02460889145731926, 0.026708252727985382, 0.0133170485496521, 0.022868173196911812, 0.020143745467066765, 0.02290354110300541, 0.029592862352728844, 0.029126638546586037, 0.033939190208911896, 0.056107763200998306, 0.05922611430287361, 0.04313305765390396, 0.017466774210333824, 0.035585030913352966, 0.03717827796936035, 0.011591048911213875, 0.030879415571689606, 0.015390289016067982, 0.0443599633872509, 0.029367124661803246, 0.053142908960580826, 0.06680022925138474, 0.02538990043103695, 0.022598162293434143, 0.046533022075891495, 0.032870348542928696, 0.038253139704465866, 0.03687106817960739, 0.02462463453412056, 0.013278592377901077, 0.02267204038798809, 0.014664629474282265, 0.024684887379407883, 0.019554564729332924, 0.036354586482048035],